TEXT,LABEL,Polarity_Score,Category
i was looking forward to this game for a couple of num_extend,0,-0.4,negative
arguably the year 's silliest and most incoherent movie .,0,0.15,negative
"bad company leaves a bad taste , not only because of its bad-luck timing , but also the staleness of its script .",0,-0.4667,negative
it 's neither as romantic nor as thrilling as it should be .,0,0.125,negative
i won t give this to the new puppy i m getting .,0,0.1364,negative
"a dreary , incoherent , self-indulgent mess of a movie in which a bunch of pompous windbags drone on inanely for two hours ... a cacophony of pretentious , meaningless prattle .",0,-0.2938,negative
"without september 11 , collateral damage would have been just another bad movie .",0,-0.7,negative
"my little girl wanted this for her birthday ,  so we got it .",0,-0.1875,negative
a predictable and stereotypical little b-movie .,0,-0.2958,negative
flaccid drama and exasperatingly slow journey .,0,-0.3,negative
"the picture , scored by a perversely cheerful marcus miller accordion\/harmonica\/banjo abomination , is a monument to bad in all its florid variety .",0,-0.15,negative
high crimes miscasts nearly every leading character .,0,0.13,negative
"places a slightly believable love triangle in a difficult-to-swallow setting , and then disappointingly moves the story into the realm of an improbable thriller .",0,0.1333,negative
"the tug-of-war at the core of beijing bicycle becomes weighed down with agonizing contrivances , overheated pathos and long , wistful gazes .",0,-0.1028,negative
"it s very black ,  and it does add volume .",0,-0.2167,negative
"an unsatisfying hybrid of blair witch and typical stalk-and-slash fare , where the most conservative protagonist is always the last one living .",0,0.1111,negative
i purchased this jawbone hd as a replacement for an older jawbone thinker .,0,0.1667,negative
"herzog is obviously looking for a moral to his fable , but the notion that a strong , unified showing among germany and eastern european jews might have changed 20th-century history is undermined by ahola 's inadequate performance .",0,0.1083,negative
"feels like one of those contrived , only-in - hollywood productions where name actors deliver big performances created for the sole purpose of generating oscar talk .",0,-0.1667,negative
this film 's relationship to actual tension is the same as what christmas-tree flocking in a spray can is to actual snow : a poor -- if durable -- imitation .,0,-0.1067,negative
i ve used these a few times and broke them very easily .,0,0.1817,negative
imagine if you will a tony hawk skating video interspliced with footage from behind enemy lines and set to jersey shore techno .,0,-0.4,negative
these run quite small even though they are stretchy .,0,-0.25,negative
"the plot is straight off the shelf , the performances are television - caliber and the message of providing solace through deception is a little creepy .",0,-0.1625,negative
while mcfarlane 's animation lifts the film firmly above the level of other coming-of-age films ... it 's also so jarring that it 's hard to get back into the boys ' story .,0,-0.1042,negative
unfortunately this product did not do much for me .,0,-0.15,negative
not a good product for conditioning even though it says it has shea butter .,0,-0.35,negative
well-shot but badly written tale set in a future ravaged by dragons .,0,-0.35,negative
if your bike had a kickstand on the plate it won t lock down .,0,-0.1556,negative
i had much better luck with the other three pairs mentioned .,0,0.1875,negative
maybe i found the proceedings a little bit too conventional .,0,-0.1652,negative
... the sum of the parts equals largely a confused mediocrity .,0,-0.3,negative
almost everything else is wan .,0,-0.2,negative
"even as lame horror flicks go , this is lame .",0,-0.5,negative
shocking only in that it reveals the filmmaker 's bottomless pit of self-absorption .,0,-0.5,negative
... too gory to be a comedy and too silly to be an effective horror film .,0,-0.1333,negative
"a sour , nasty offering .",0,-0.575,negative
notorious c.h.o. has oodles of vulgar highlights .,0,-0.7,negative
a dreary rip-off of goodfellas that serves as a muddled and offensive cautionary tale for hispanic americans .,0,-0.4,negative
it is so small . get a racket ball . pass this one by .,0,-0.25,negative
the plot is so predictable and sentimental that viewers are likely to lose interest before sandrine and her goats walk off into the sunset .,0,-0.15,negative
speedloader is very hard to use especially with an extended magazine .,0,-0.1896,negative
unfortunately i m not sure what all the five star reviews are for .,0,-0.25,negative
ridiculous !  i had trouble getting it on with zero bubbles .,0,-0.3083,negative
little more than a frothy vanity project .,0,0.1562,negative
"at times , however , dogtown and z-boys lapses into an insider 's lingo and mindset that the uninitiated may find hard to follow , or care about .",0,-0.2917,negative
a long-winded and stagy session of romantic contrivances that never really gels like the shrewd feminist fairy tale it could have been .,0,-0.1,negative
i wore this product today for a few hours today .,0,-0.2,negative
the balm is crap more like a vaseline stick .,0,-0.15,negative
the movie quickly drags on becoming boring and predictable .,0,-0.1042,negative
"too silly to be frightening , too stolid to be funny , it projects the same lazy affability as its nominal star , david arquette .",0,-0.2,negative
it makes a farce out of a good num_num num_extend,0,0.15,negative
"not a movie but a live-action agitprop cartoon so shameless and coarse , it 's almost funny .",0,0.125,negative
the sum of all fears is almost impossible to follow -- and there 's something cringe-inducing about seeing an american football stadium nuked as pop entertainment .,0,-0.3333,negative
i say this as a guy with fairly thin wrists too .,0,-0.4,negative
and still the focus was extremely soft or just plain terrible .,0,-0.3714,negative
it is worse then no lube because it gets soooo sticky .,0,-0.4,negative
"the streets , shot by cinematographer michael ballhaus , may be as authentic as they are mean , but it is nearly impossible to care about what happens on them .",0,-0.1597,negative
a painfully leaden film destined for pre-dawn cable television slots .,0,-0.2,negative
i was bored after the first num_num minutes .,0,-0.125,negative
-lrb- u -rrb- nrelentingly stupid .,0,-0.8,negative
it is a poor performer when it comes to odor retention and clumping .,0,-0.4,negative
"a depressing confirmation of everything those of us who do n't object to the description `` unelected '' have suspected all along : george w. bush is an incurious , uncharismatic , overgrown frat boy with a mean streak a mile wide .",0,-0.3375,negative
"perhaps it won t rust ,  but upclose it looks a little cheesey .",0,-0.1875,negative
"one minute , you think you 're watching a serious actioner ; the next , it 's as though clips from the pink panther strikes again and\/or sailor moon have been spliced in .",0,-0.1444,negative
a modest and messy metaphysical thriller offering more questions than answers .,0,0.1333,negative
"the film takes too long getting to the good stuff , then takes too long figuring out what to do next .",0,0.15,negative
"matthew mcconaughey tries , and fails , to control the screen with swaggering machismo and over-the-top lunacy .",0,-0.3667,negative
"some of seagal 's action pictures are guilty pleasures , but this one is so formulaic that it seems to be on auto-pilot .",0,-0.1333,negative
extremely confusing .,0,-0.3,negative
"the film makes a tragic error by going on for too long , trying to mirror every subsequent event in chinese history : war , revolution , communism , etc. .",0,-0.2,negative
"say this for the soundtrack , it drowns out the lousy dialogue .",0,-0.5,negative
even legends like alfred hitchcock and john huston occasionally directed trifles ... so it 's no surprise to see a world-class filmmaker like zhang yimou behind the camera for a yarn that 's ultimately rather inconsequential .,0,-0.125,negative
"unfortunately , heartbreak hospital wants to convey the same kind of haughtiness in its own sketchy material but this territory has already been explored previously with better aplomb and sardonic wit .",0,0.1762,negative
im thinking num_num gem stones in at least a num_num inch wheel .,0,-0.3,negative
shame on what otherwise has been a reliable company with several other respectful products .,0,0.125,negative
could the whole plan here have been to produce something that makes fatal attraction look like a classic by comparison ?,0,0.1833,negative
we re too stupid to put together normal sounding sentences .,0,-0.325,negative
the story and characters are nowhere near gripping enough .,0,0.2,negative
"this film is so slick , superficial and trend-hoppy , that it 's easy to imagine that a new software program spit out the screenplay .",0,0.1066,negative
i will never again purchase another game where this is a requirement .,0,-0.4,negative
b. -rrb- that sure is pathetic !,0,-0.25,negative
"i hated the color that was sent to me ,  pale chalky beige .",0,-0.555,negative
the sequel has turned completely and irrevocably bizarre to the point of utter nonsense .,0,0.1667,negative
boring we did n't .,0,-1.0,negative
a very average science fiction film .,0,-0.195,negative
"even by dumb action-movie standards , ballistic : ecks vs. sever is a dumb action movie .",0,-0.2167,negative
this machine is no match for the new consoles .,0,0.1364,negative
if high crimes were any more generic it would have a universal product code instead of a title .,0,0.165,negative
"a turgid little history lesson , humourless and dull .",0,-0.2396,negative
"do not buy this product ! the photos are horribly ,  horribly misleading .",0,-1.0,negative
it didn t work for me hopefully other people will have better luck .,0,0.1875,negative
"no , it 's not nearly as good as any of its influences .",0,-0.35,negative
this is a worthless item that makes no sense at all .,0,-0.8,negative
this particular variety is rather lacking in the flavor department .,0,0.1667,negative
another num_num calories from the other num_num grams of carbohydrates .,0,-0.125,negative
a film so tedious that it is impossible to care whether that boast is true or not .,0,-0.2722,negative
"shadyac shoots his film like an m. night shyamalan movie , and he frequently maintains the same snail 's pace ; he just forgot to add any genuine tension .",0,0.1667,negative
"flashy , pretentious and as impenetrable as morvern 's thick , working-class scottish accent .",0,-0.3667,negative
i woke up with basically an oil slick on my face .,0,-0.25,negative
now i have a game that i don t ever want to play .,0,-0.4,negative
"a little at first ,  more with each successive try .",0,0.1875,negative
"when a set of pre-shooting guidelines a director came up with for his actors turns out to be cleverer , better written and of considerable more interest than the finished film , that 's a bad sign .",0,0.1,negative
"as i get hit ,  my health endurance goes down .",0,-0.1556,negative
"sadly , hewitt 's forte is leaning forward while wearing low-cut gowns , not making snappy comebacks .",0,-0.5,negative
this is the worst game i have come across in a long time .,0,-0.4833,negative
"when it 's on dry land , though , this surfer-girl melodrama starts gasping like a beached grouper .",0,-0.1833,negative
"it might work for all purpose flour ,  which has less gluten .",0,-0.1667,negative
soe decided to push it to live a whole num_num weeks sooner than that .,0,0.1682,negative
company will exchange though but it wastes your time doing this .,0,-0.2,negative
"offensive in the way it exploits the hot-button issue of domestic abuse for cheap thrills and disgusting in the manner it repeatedly puts a small child in jeopardy , treating her as little more than a prop to be cruelly tormented .",0,-0.2196,negative
neither funny nor suspenseful nor particularly well-drawn .,0,0.1389,negative
the graphics are most definitely improved over the previous version .,0,0.1111,negative
too small and not the quality i expected .,0,-0.175,negative
there 's something fundamental missing from this story : something or someone to care about .,0,-0.2,negative
it 's hard not to feel you 've just watched a feature-length video game with some really heavy back story .,0,-0.2229,negative
try it once and you won t think it s stupid .,0,-0.8,negative
"as it abruptly crosscuts among the five friends , it fails to lend the characters ' individual stories enough dramatic resonance to make us care about them .",0,-0.2117,negative
in num_num thq came out with this wrestling game .,0,-0.4,negative
the movie succumbs to being nothing more than a formulaic chase in the dark .,0,0.1167,negative
note that i got mine from an amazon store called  small appliance  .,0,-0.25,negative
it 's just a silly black genre spoof .,0,-0.2556,negative
it not educational or exciting and it s annoying .,0,-0.2083,negative
now it 's just tired .,0,-0.4,negative
"a boring , formulaic mix of serial killers and stalk 'n' slash .",0,-0.5,negative
it adds size o an already pretty big system .,0,0.125,negative
but he loses his focus when he concentrates on any single person .,0,-0.1857,negative
it hasn t done anything for his thin coat though .,0,-0.4,negative
these people would n't know subtle characterization if it put on a giant furry monster costume and then gave them a lapdance .,0,-0.1667,negative
borrows from so many literary and cinematic sources that this future world feels absolutely deja vu .,0,0.16,negative
hasn t had to be rebooted yet due to connection issues .,0,-0.125,negative
"it opens cans ok ,  but no better than the old fashioned openers .",0,0.1167,negative
"if you think that jennifer lopez has shown poor judgment in planning to marry ben affleck , wait till you see maid in manhattan .",0,-0.4,negative
"it 's all pretty cynical and condescending , too .",0,-0.175,negative
"based on a david leavitt story , the film shares that writer 's usual blend of observant cleverness , too-facile coincidence and slightly noxious preciousness .",0,-0.2083,negative
"half of it is composed of snappy patter and pseudo-sophisticated cultural observations , while the remainder ... would be more at home on a daytime television serial .",0,0.1444,negative
"i would have preferred a transfer down the hall to mr. holland 's class for the music , or to robin williams 's lecture so i could listen to a teacher with humor , passion , and verve .",0,-0.1556,negative
one major complaint is the micromanagment of collecting  shards  .,0,-0.1187,negative
"lacking gravitas , macdowell is a placeholder for grief , and ergo this sloppy drama is an empty vessel .",0,-0.4389,negative
a compendium of solondz 's own worst instincts in under 90 minutes .,0,-0.2,negative
it was all potatoes and had very little clam flavor .,0,-0.2438,negative
"i will always have slight pain ,  no matter what .",0,-0.1667,negative
just a bloody mess .,0,-0.4875,negative
"worse ,  the controls are so confusing that it gives me a headache .",0,-0.35,negative
rainy days and movies about the disintegration of families always get me down .,0,-0.1556,negative
one thing is the amazingly poor unit a . i .,0,-0.4,negative
barely goes beyond comic book status .,0,0.15,negative
extremely dumb .,0,-0.375,negative
the case fit okay but not attractive at all .,0,0.1667,negative
"expect to be reminded of other , better films , especially seven , which director william malone slavishly copies .",0,0.125,negative
"a trashy , exploitative , thoroughly unpleasant experience .",0,-0.475,negative
i hate this movie,0,-0.8,negative
maybe it just needs broken in and some fine fitting .,0,0.1722,negative
"it smacks of purely commercial motivation , with no great love for the original .",0,0.1187,negative
the title 's lameness should clue you in on how bad the movie is .,0,-0.7,negative
the quality of materials and workmanship is noticeably less .,0,-0.1667,negative
mckay deflates his piece of puffery with a sour cliche and heavy doses of mean-spiritedness,0,-0.175,negative
"the film 's 45-minute running time stops shy of overkill , though viewers may be more exhausted than the athletes onscreen .",0,-0.1333,negative
"suffers from rambling , repetitive dialogue and the visual drabness endemic to digital video .",0,-0.2125,negative
"there are weird resonances between actor and role here , and they 're not exactly flattering .",0,-0.3125,negative
i bought them and find them pretty annoying .,0,-0.275,negative
"when the plot kicks in , the film loses credibility .",0,-0.3,negative
what could and should have been biting and droll is instead a tepid waste of time and talent .,0,-0.2,negative
"as -lrb- the characters -rrb- get more depressed , the story gets more tiresome , especially as it continues to mount a conspicuous effort to be profound .",0,0.1167,negative
am very disappointed that i still can t wear my shoes !  .,0,-1.0,negative
"technically , the film is about as interesting as an insurance commercial .",0,0.1667,negative
"by the end , i was looking for something hard with which to bludgeon myself unconscious .",0,-0.2917,negative
"at nearly three hours , the whole of safe conduct is less than the sum of its parts .",0,0.1583,negative
taking it out of the box i found the design to be awkward .,0,-0.6,negative
i guess it fails in the truth department on its advertising .,0,-0.5,negative
all these developments and challenges facing santa weigh down the plot so heavily that they drain all the film of its energy and needlessly strain credibility .,0,-0.2852,negative
disappointed as i expected to received candy that would last a long time .,0,-0.225,negative
"the result is solemn and horrifying , yet strangely detached .",0,-0.475,negative
"i like neutrogena products as a rule ,  so this was a disappointment .",0,-0.6,negative
it could be that i live in an apartment with hills and trees around .,0,0.1364,negative
"it risks seeming slow and pretentious , because it thinks the gamble is worth the promise .",0,-0.1,negative
surely not worth what was paid for it by half .,0,-0.1583,negative
what was subtle and mystifying in the novella is now broad and farcical .,0,-0.2236,negative
"when a film is created solely because it 's a marketable product , soulless and ugly movies like this are the result .",0,-0.7,negative
so what it comes down to is that u get what u paid for .,0,-0.1556,negative
"first ,  without the extension they are very short .",0,0.125,negative
my dog has started to become anxious at bedtime .,0,-0.25,negative
i mean she felt apart she broked down in a hundred pieces .,0,-0.234,negative
"flavor :  it has some tangy notes ,  and overall not bad .",0,0.175,negative
camera fell of it after a few uses .,0,-0.2,negative
this time kaufman 's imagination has failed him .,0,-0.5,negative
this is called cheating !  i expected canister with fuel at least .,0,-0.2,negative
"this pep-talk for faith , hope and charity does little to offend , but if saccharine earnestness were a crime , the film 's producers would be in the clink for life .",0,-0.1875,negative
"it virtually defines a comedy that 's strongly mediocre , with funny bits surfacing every once in a while .",0,-0.125,negative
"it 's badly acted , blandly directed , and could have been scripted by someone who just graduated from elementary school .",0,-0.1889,negative
"after that , it just gets stupid and maudlin .",0,-0.8,negative
"but in its child-centered , claustrophobic context , it can be just as frightening and disturbing -- even punishing .",0,-0.5833,negative
"however ,  i feel civilization iv is most definitely not an improvement overall .",0,0.1667,negative
i agree with the others that this was tough to open .,0,-0.1944,negative
"and after all that ,  the base broke too .",0,-0.8,negative
the ring just left me cold and wet like i was out in the seattle drizzle without rainwear .,0,-0.2333,negative
"this miserable excuse of a movie runs on empty , believing flatbush machismo will get it through .",0,-0.3833,negative
since that time i have replaced the game .,0,-0.4,negative
rates an ` e ' for effort -- and a ` b ' for boring .,0,-1.0,negative
"multiplayer is just as bad ,  though thankfully not worse .",0,-0.25,negative
"generally if a toy makes noise ,  i don t mind so much .",0,0.125,negative
don t waste your time or money on these jeans .,0,-0.2,negative
"after seeing swept away , i feel sorry for madonna .",0,-0.5,negative
mark me down as a non-believer in werewolf films that are not serious and rely on stupidity as a substitute for humor .,0,-0.1963,negative
it 's just incredibly dull .,0,-0.2917,negative
another  energy  product that simply wastes our money .,0,-0.2,negative
"afraid to pitch into farce , yet only half-hearted in its spy mechanics , all the queen 's men is finally just one long drag .",0,-0.1917,negative
that is not to say that these treats are bad by any means .,0,-0.7,negative
i thought this was the hard plastic screen cover and it isn t .,0,-0.2917,negative
"... an unimaginative , nasty , glibly cynical piece of work .",0,-0.8,negative
"considering the harsh locations and demanding stunts , this must have been a difficult shoot , but the movie proves rough going for the audience as well .",0,-0.125,negative
i ve come to the conclusion that i ve wasted my money .,0,-0.2,negative
a bit of an unwieldy mess .,0,-0.175,negative
i hate myself for falling for the james bond license and wasting $,0,-0.8,negative
"splashes its drama all over the screen , subjecting its audience and characters to action that feels not only manufactured , but also so false you can see the filmmakers ' puppet strings .",0,-0.1,negative
"in this case ,  it s a big disappointment for num_extend",0,-0.3,negative
"all that -lrb- powerpuff girls -rrb- charm is present in the movie , but it 's spread too thin .",0,-0.2,negative
could the country bears really be as bad as its trailers ?,0,-0.7,negative
it 's difficult to say whether the tuxedo is more boring or embarrassing -- i 'm prepared to call it a draw .,0,-0.3333,negative
no more .,0,-0.25,negative
leave these flowers unpicked -- they 're dead on the vine .,0,-0.2,negative
for some reason it worked out terribly for me .,0,-1.0,negative
the tone shifts abruptly from tense to celebratory to soppy .,0,-0.2292,negative
"as written by michael berg and michael j. wilson from a story by wilson , this relentless , all-wise-guys-all-the-time approach tries way too hard and gets tiring in no time at all .",0,-0.1958,negative
"none of this violates the letter of behan 's book , but missing is its spirit , its ribald , full-throated humor .",0,-0.2,negative
"for anyone who grew up on disney 's 1950 treasure island , or remembers the 1934 victor fleming classic , this one feels like an impostor .",0,0.1667,negative
i started using xlear nasal spray a few years ago .,0,-0.2,negative
just reinstall the previous ghost recon and raven shield games .,0,-0.1667,negative
"all the characters are stereotypes , and their interaction is numbingly predictable .",0,-0.2,negative
this is not worth the money and the brand name is misleading .,0,-0.15,negative
"while the mystery surrounding the nature of the boat 's malediction remains intriguing enough to sustain mild interest , the picture refuses to offer much accompanying sustenance in the way of characterization , humor or plain old popcorn fun .",0,0.1456,negative
"unfortunately , the picture failed to capture me .",0,-0.5,negative
then contact sharp and go on from there .,0,-0.125,negative
it s the lame players that drives halo multiplay into the ground .,0,-0.5,negative
"do not , under any circumstances , consider taking a child younger than middle school age to this wallow in crude humor .",0,-0.2333,negative
i found these patches very hard to put on .,0,-0.3792,negative
"divertingly ridiculous , headbangingly noisy .",0,-0.3333,negative
"maybe it 's asking too much , but if a movie is truly going to inspire me , i want a little more than this .",0,0.1708,negative
too lazy to take advantage of its semi-humorous premise .,0,-0.25,negative
"for a film about two mismatched buddies , crystal and de niro share little screen time and even less chemistry .",0,-0.1771,negative
avoid the heartache and wasted titme of bad discs .,0,-0.45,negative
screenwriters scott abbott and michael petroni have turned rice 's complex akasha into a cartoon monster .,0,-0.3,negative
"well-intentioned though it may be , its soap-opera morality tales have the antiseptic , preprogrammed feel of an after-school special .",0,0.1536,negative
i have no padding of my own to offset hard soles .,0,0.1542,negative
"there 's no denying the elaborateness of the artist 's conceptions , nor his ability to depict them with outrageous elan , but really the whole series is so much pretentious nonsense , lavishly praised by those who equate obscurity with profundity .",0,-0.225,negative
i could barely get through it they taste so nasty .,0,-0.475,negative
"nothing debases a concept comedy quite like the grinding of bad ideas , and showtime is crammed full of them .",0,-0.175,negative
do we really need a 77-minute film to tell us exactly why a romantic relationship between a 15-year-old boy and a 40-year-old woman does n't work ?,0,0.15,negative
"a recipe for cinematic disaster ... part quentin tarantino , part guy ritchie , and part 1960s spy spoof , it 's all bad .",0,-0.2667,negative
drinking the coffee was slightly less unpleasent than the smell suggested it would be .,0,-0.1667,negative
de niro may enjoy the same free ride from critics afforded to clint eastwood in the lazy bloodwork .,0,0.1375,negative
well it made it worse like a rubber band texture .,0,-0.4,negative
a dreadful live-action movie .,0,-1.0,negative
it didn t have the smell a lot complained of though .,0,-0.3,negative
i was also very disappointed at how quickly it drains the batteries .,0,-0.3208,negative
"the smug , oily demeanor that donovan adopts throughout the stupidly named pipe dream is just repulsive .",0,-0.8,negative
hardly something i would give as a wrapped birthday gift .,0,-0.2917,negative
i would never recommend this terrible waste of money case .,0,-0.6,negative
"everyone connected to this movie seems to be part of an insider clique , which tends to breed formulaic films rather than fresh ones .",0,0.15,negative
ridiculous .,0,-0.3333,negative
i am actually afraid to open the remaining jars .,0,-0.3,negative
"acting , particularly by tambor , almost makes `` never again '' worthwhile , but -lrb- writer\/director -rrb- schaeffer should follow his titular advice",0,0.1917,negative
the directions were easy to follow but the quality of the easel was pathetic .,0,-0.2833,negative
extremely boring .,0,-1.0,negative
"ostensibly celebrates middle-aged girl power , even as it presents friendship between women as pathetic , dysfunctional and destructive .",0,-0.8,negative
it will come as no surprise that the movie is n't scary .,0,-0.5,negative
... the last time i saw a theater full of people constantly checking their watches was during my sats .,0,0.1167,negative
i am only giving this item num_num stars because of the absurd price .,0,-0.25,negative
"a hideous , confusing spectacle , one that may well put the nail in the coffin of any future rice adaptations .",0,-0.15,negative
ordinary melodrama that is heavy on religious symbols but wafer-thin on dramatic substance,0,-0.2367,negative
"a great ending does n't make up for a weak movie , and crazy as hell does n't even have a great ending .",0,0.1563,negative
cliches are as thick as the cigarette smoke .,0,-0.3,negative
"when she speaks , her creepy egyptian demigod voice is as computer processed and overproduced as it was in her music .",0,-0.5,negative
it is too bad because the ingredients looked to be quality .,0,-0.7,negative
"uncertain in tone ... a garbled exercise in sexual politics , a junior varsity short cuts by way of very bad things .",0,-0.1367,negative
"too stupid to be satire , too obviously hateful to be classified otherwise , frank novak 's irritating slice of lumpen life is as reliably soul-killing as its title is nearly meaningless .",0,-0.425,negative
"for all its highfalutin title and corkscrew narrative , the movie turns out to be not much more than a shaggy human tale .",0,-0.125,negative
the inside of the case that contacts the phone is not smooth at all .,0,-0.2,negative
a frustrating combination of strained humor and heavy-handed sentimentality .,0,-0.4,negative
they would flip off or get hung up due to poorly rolling wheels .,0,-0.2625,negative
birot 's directorial debut -lrb- she co-wrote the script with christophe honor?? -rrb- is n't so much bad as it is bland .,0,-0.4333,negative
both rub my dog raw and cause bleeding .,0,-0.2308,negative
the movie has very little to offer besides unintentional laughs .,0,-0.2438,negative
it makes an annoying sound when it is on .,0,-0.2,negative
"a grim , flat and boring werewolf movie that refuses to develop an energy level .",0,-0.675,negative
"reggio falls victim to relying on the very digital technology that he fervently scorns , creating a meandering , inarticulate and ultimately disappointing film .",0,-0.1938,negative
"as tweedy talks about canning his stockbroker and repairing his pool , you yearn for a few airborne tv sets or nude groupies on the nod to liven things up .",0,-0.2,negative
"there are touching moments in etoiles , but for the most part this is a dull , dour documentary on what ought to be a joyful or at least fascinating subject .",0,0.1345,negative
this game gives you no incentive to keep playing .,0,-0.4,negative
they are thinner and retain memory than the older ones .,0,0.1667,negative
"a clutchy , indulgent and pretentious travelogue and diatribe against ... well , just stuff .",0,-0.3,negative
they also make noise if you happen to touch one against the other .,0,-0.125,negative
"waste of money ,  waste of time ,  waste of blood .",0,-0.2,negative
"when -lrb- de palma 's -rrb- bad , he 's really bad , and femme fatale ranks with the worst he has done .",0,-0.8,negative
too timid to bring a sense of closure to an ugly chapter of the twentieth century .,0,-0.7,negative
plays less like a coming-of-age romance than an infomercial .,0,-0.1667,negative
sucking all the ` classic ' out of robert louis stevenson 's treasure island and filling the void with sci-fi video game graphics and disney-fied adolescent angst ...,0,-0.1167,negative
"a long-winded , predictable scenario .",0,-0.2,negative
"the price was good ,  and came quickly though my prime membership .",1,0.5167,positive
"emerges as something rare , an issue movie that 's so honest and keenly observed that it does n't feel like one .",1,0.45,positive
it seems to be of very good quality in its build .,1,0.91,positive
"the people in dogtown and z-boys are so funny , aggressive and alive , you have to watch them because you ca n't wait to see what they do next .",1,0.1167,positive
it never fails to engage us .,1,0.25,positive
"as lo-fi as the special effects are , the folks who cobbled nemesis together indulge the force of humanity over hardware in a way that george lucas has long forgotten .",1,0.1536,positive
i have never had a pleasant experience with the customer support at cuisnart .,1,0.7333,positive
pretty much all i ask for in a grinder .,1,0.225,positive
"snug fit ,  with all the buttons and holes perfectly aligned .",1,0.7,positive
"this road movie gives you emotional whiplash , and you 'll be glad you went along for the ride .",1,0.25,positive
"a triumph , relentless and beautiful in its downbeat darkness .",1,0.85,positive
"a very witty take on change , risk and romance , and the film uses humour to make its points about acceptance and growth .",1,0.65,positive
perfect size for preparing dishes . it really works well .,1,0.6,positive
it keeps the air clean and nice fresh smelling .,1,0.4222,positive
but the back side looks nice as well .,1,0.3,positive
item arrived in num_num days in bulk packaging exactly like j .,1,0.25,positive
"so ,  to me this is pretty darn  instant  .",1,0.125,positive
a well-made and often lovely depiction of the mysteries of friendship .,1,0.5,positive
"occasionally melodramatic , it 's also extremely effective .",1,0.3,positive
"even with all those rough edges safely sanded down , the american insomnia is still pretty darned good .",1,0.1991,positive
"like i said ,  it works ,  these are ok .",1,0.5,positive
i wouldn t trade them but this is a great knife for the price .,1,0.8,positive
"so many documentaries like this presuppose religious bigotry or zealous nuttiness of its antagonists , but family fundamentals displays a rare gift for unflinching impartiality .",1,0.2667,positive
it stays stable in your ear very nicely and is surprisingly very comfortable .,1,0.65,positive
the movie exists for its soccer action and its fine acting .,1,0.1722,positive
the bottom most container is not as small as one would think .,1,0.125,positive
"this headset is awesome ,  the sound quality is truly amazing .",1,0.6667,positive
ford deserves to be remembered at oscar time for crafting this wonderful portrait of a conflicted soldier .,1,1.0,positive
a captivating cross-cultural comedy of manners .,1,0.5,positive
"for its seriousness , high literary aspirations and stunning acting , the film can only be applauded .",1,0.152,positive
i love the floral design and the colors .,1,0.5,positive
a richly imagined and admirably mature work from a gifted director who definitely has something on his mind .,1,0.2437,positive
"superior genre storytelling , which gets under our skin simply by crossing the nuclear line .",1,0.35,positive
"it does succeed by following a feel-good formula with a winning style , and by offering its target audience of urban kids some welcome role models and optimism .",1,0.325,positive
i received them as a christmas present and i love them .,1,0.25,positive
i was glad to see it was still available .,1,0.45,positive
nice not to have a burner going for hours .,1,0.6,positive
"the pleasures of super troopers may be fleeting , but they 'll register strongly with anybody who still retains a soft spot for precollegiate humor .",1,0.2889,positive
plugs the ipad into my car and works great .,1,0.8,positive
the flap also is good and does not come loose at all .,1,0.3115,positive
but what spectacular sizzle it is !,1,0.75,positive
"great charger ,  though there may be cheaper options .",1,0.8,positive
all my testing proves the same . hope that helps .,1,0.15,positive
"one of those rare , exhilarating cinematic delights that gets even better in hindsight , as you mull over its every nuance in your mind .",1,0.375,positive
westfeldt and juergensen exude a chemistry and comfort level that 's both saucy and endearing .,1,0.5,positive
writer-director burger imaginatively fans the embers of a dormant national grief and curiosity that has calcified into chronic cynicism and fear .,1,-0.1,positive
"order it with something else ,  and you ll get free shipping .",1,0.4,positive
"shainberg weaves a carefully balanced scenario that is controlled by neither character , is weirdly sympathetic to both and manages to be tender and darkly comic .",1,0.2167,positive
"whether seen on a 10-inch television screen or at your local multiplex , the edge-of-your-seat , educational antics of steve irwin are priceless entertainment .",1,0.4167,positive
"as a singular character study , it 's perfect .",1,1.0,positive
this salad spinner is durable and easy to use .,1,0.4333,positive
"for the price ,  this is a good buy .",1,0.7,positive
but fans should have fun meeting a brand-new pokemon called celebi .,1,0.3,positive
there are num_num bright leds for taking pictures or just as a flashlight .,1,0.7,positive
"i enjoyed the ride -lrb- bumps and all -rrb- , creamy depth , and ultimate theme .",1,0.25,positive
"everything that has to do with yvan and charlotte , and everything that has to do with yvan 's rambunctious , jewish sister and her non-jew husband , feels funny and true .",1,0.2,positive
"when it 's all wet , blue crush is highly enjoyable .",1,0.1333,positive
still it is a fun learning experience and so far so good .,1,0.3667,positive
a deviant topical comedy which is funny from start to finish .,1,0.125,positive
if you can get past the fantastical aspects and harsh realities of `` the isle '' you 'll get a sock-you-in-the-eye flick that is a visual tour-de-force and a story that is unlike any you will likely see anywhere else .,1,-0.1125,positive
the filmmakers skillfully evoke the sense of menace that nature holds for many urban dwellers .,1,0.25,positive
"these are lives worth watching , paths worth following .",1,0.2,positive
i bought the lowest priced model more to test the brand than anything else .,1,0.5,positive
something the true film buff will enjoy .,1,0.375,positive
most of crush is a clever and captivating romantic comedy with a welcome pinch of tartness .,1,0.3933,positive
"great headset ,  solid build quality and blocks out the wind .",1,0.4,positive
"what full frontal lacks in thematic coherence it largely makes up for as loosey-goosey , experimental entertainment .",1,0.1661,positive
they pile up nice in the closet and clean up great in the dishwasher .,1,0.5889,positive
i would not suggest this on black iphones .,1,-0.1667,positive
one minute per slice seems like a good rule of thumb so far .,1,0.4,positive
"auto shut off after num_num hours ,  which is a good feature .",1,0.7,positive
just do your homework and you will end up pretty satisfied .,1,0.375,positive
this bold and lyrical first feature from raja amari expands the pat notion that middle-aged women just wanna have fun into a rousing treatise of sensual empowerment .,1,0.2944,positive
"a hip ride into hyper-time , clockstoppers is a lively and enjoyable adventure for all ages at any time .",1,0.3182,positive
voice command is better on this set than other ones i ve tried .,1,0.1875,positive
director rob marshall went out gunning to make a great one .,1,0.8,positive
"christians sensitive to a reductionist view of their lord as a luv-spreading dr. feelgood or omnipotent slacker will feel vastly more affronted than secularists , who might even praise god for delivering such an instant camp classic .",1,0.1533,positive
"finish is great ,  and it makes great french toast .",1,0.5333,positive
the acting alone is worth the price of admission .,1,0.15,positive
another thing i really like is that it does not have rivets .,1,0.2,positive
of course the german s call this sort of idea good engineering .,1,0.35,positive
"do n't plan on the perfect ending , but sweet home alabama hits the mark with critics who escaped from a small town life .",1,0.3667,positive
"to the film 's credit , the acting is fresh and unselfconscious , and munch is a marvel of reality versus sappy sentiment .",1,0.15,positive
"other than that small problem ,  this is a great bt headdest .",1,0.1417,positive
"the film benefits greatly from a less manic tone than its predecessor , as cho appears to have settled comfortably into her skin .",1,0.3444,positive
"it might be tempting to regard mr. andrew and his collaborators as oddballs , but mr. earnhart 's quizzical , charming movie allows us to see them , finally , as artists .",1,0.35,positive
seems to working fine in my mother s humidifier .,1,0.4167,positive
"it 's an example of sophisticated , challenging filmmaking that stands , despite its noticeable lack of emotional heft , in welcome contrast to the indulgent dead-end experimentation of the director 's previous full frontal .",1,0.3306,positive
easy to put on and i have no problems .,1,0.4333,positive
"a thoughtful , provocative , insistently humanizing film .",1,0.4,positive
"the wwii drama is well plotted , visually striking and filled with enjoyably complex characters who are never what they first appear .",1,0.2125,positive
"i do n't know precisely what to make of steven soderbergh 's full frontal , though that did n't stop me from enjoying much of it .",1,0.3625,positive
the result is something quite fresh and delightful .,1,0.65,positive
one of the greatest romantic comedies of the past decade .,1,0.25,positive
haneke challenges us to confront the reality of sexual aberration .,1,0.5,positive
the same panel buttons are there but in a better placement .,1,0.25,positive
i have dropped the phone onto a tile floor and it is fine .,1,0.4167,positive
"once again , director jackson strikes a rewarding balance between emotion on the human scale and action\/effects on the spectacular scale .",1,0.3667,positive
hawke draws out the best from his large cast in beautifully articulated portrayals that are subtle and so expressive they can sustain the poetic flights in burdette 's dialogue .,1,0.4843,positive
"witty , touching and well paced .",1,0.5,positive
her delivery and timing are flawless .,1,1.0,positive
frida 's artistic brilliance is undeniable -- it 's among the most breathtakingly designed films i 've ever seen .,1,0.6111,positive
at heart the movie is a deftly wrought suspense yarn whose richer shadings work as coloring rather than substance .,1,0.25,positive
i am glad that i did not spend a fortune on the electric models .,1,0.5,positive
"pretty darn good , despite its smarty-pants aura .",1,0.475,positive
"it 's rare to find a film that dazzles the eye , challenges the brain , and satisfies our lust for fast-paced action , but minority report delivers all that and a whole lot more .",1,0.275,positive
i give it five stars for making eating good so easy !  .,1,0.6208,positive
"this warm and gentle romantic comedy has enough interesting characters to fill several movies , and its ample charms should win over the most hard-hearted cynics .",1,0.325,positive
resourceful and ingenious entertainment .,1,0.55,positive
"edited and shot with a syncopated style mimicking the work of his subjects , pray turns the idea of the documentary on its head , making it rousing , invigorating fun lacking any mtv puffery .",1,0.15,positive
take the whole thing out in the sink .,1,0.2,positive
this is a happy throwback to the time when cartoons were cinema 's most idiosyncratic form instead of one of its most predictable .,1,0.4,positive
"also ,  the knife is easy to maneuver despite its length .",1,0.4333,positive
"an enjoyable film for the family , amusing and cute for both adults and kids .",1,0.5333,positive
this knife sharpener more than met our expectations .,1,0.5,positive
and it s a bread knife and nothing all that special .,1,0.3571,positive
dash mounts are either bulky and in the way or not strong enough .,1,-0.1083,positive
"the passions aroused by the discord between old and new cultures are set against the strange , stark beauty of the mideast desert , so lovingly and perceptively filmed that you can almost taste the desiccated air .",1,0.1144,positive
the visuals alone make metropolis worth seeing .,1,0.3,positive
"a real movie , about real people , that gives us a rare glimpse into a culture most of us do n't know .",1,0.3,positive
it is not difficult to clean or assemble .,1,0.3083,positive
"we can see the wheels turning , and we might resent it sometimes , but this is still a nice little picture , made by bright and friendly souls with a lot of good cheer .",1,0.4375,positive
"oh ,  and the battery life is pretty decent .",1,0.2083,positive
gosling provides an amazing performance that dwarfs everything else in the film .,1,0.6,positive
"while not as aggressively impressive as its american counterpart , `` in the bedroom , '' moretti 's film makes its own , quieter observations",1,0.5333,positive
"there is a kind of attentive concern that hoffman brings to his characters , as if he has been giving them private lessons , and now it is time for their first public recital .",1,0.25,positive
i also love it because the jar is plastic .,1,0.5,positive
"does what a fine documentary does best : it extends a warm invitation into an unfamiliar world , then illuminates it fully and allows the larger implications of the journey to sink in unobtrusively .",1,0.4033,positive
what 's most striking about this largely celebratory film ... is the sense of isolation that permeates these bastions of individuality in an ikea world .,1,0.4048,positive
once it dies i will purchase a better unit .,1,0.5,positive
"exquisitely acted and masterfully if preciously interwoven ... -lrb- the film -rrb- addresses in a fascinating , intelligent manner the intermingling of race , politics and local commerce .",1,0.6,positive
one corner is slightly taller than the other but its hardly noticeable .,1,-0.1944,positive
"the values that have held the enterprise crew together through previous adventures and perils do so again-courage , self-sacrifice and patience under pressure .",1,-0.1667,positive
a moody horror\/thriller elevated by deft staging and the director 's well-known narrative gamesmanship .,1,0.6,positive
"you can feel the heat that ignites this gripping tale , and the humor and humanity that root it in feeling .",1,0.5,positive
"it 's a brave attempt to tap into the heartbeat of the world , a salute to the universal language of rhythm and a zippy sampling of sounds .",1,0.4,positive
"the director , steven shainberg , has succeeded by focusing intently on his characters , making them quirky individuals rather than figures of fun .",1,0.15,positive
"you have to pay attention to follow all the stories , but they 're each interesting .",1,0.5,positive
the use of cgi and digital ink-and-paint make the thing look really slick .,1,-0.125,positive
apparently there are thirteen more words required to successfully submit this review .,1,0.4333,positive
"like the film 's almost anthropologically detailed realization of early - '80s suburbia , it 's significant without being overstated .",1,0.2917,positive
"thrilling , provocative and darkly funny , this timely sci-fi mystery works on so many different levels that it not only invites , it demands repeated viewings .",1,0.2,positive
skip work to see it at the first opportunity .,1,0.25,positive
"if it 's possible for a sequel to outshine the original , then sl2 does just that .",1,0.1875,positive
"we often cook sausages ,  hot dogs and hamburgers in it as well .",1,0.25,positive
an unbelievably fun film just a leading man away from perfection .,1,0.3,positive
"interacting eyeball-to-eyeball and toe-to-toe , hopkins and norton are a winning combination -- but fiennes steals ` red dragon ' right from under their noses .",1,0.2619,positive
"an endlessly fascinating , landmark movie that is as bold as anything the cinema has seen in years .",1,0.5167,positive
they were awesome and they work great i like them a lot thank you .,1,0.9,positive
the item was what i was looking for and arrived exactly as described .,1,0.25,positive
this clever caper movie has twists worthy of david mamet and is enormous fun for thinking audiences .,1,0.2,positive
it s more powerful so i expect it to be a little louder .,1,0.2042,positive
an original gem about an obsession with time .,1,0.375,positive
an incredibly clever and superbly paced caper filled with scams within scams within scams .,1,0.5222,positive
"the year 's happiest surprise , a movie that deals with a real subject in an always surprising way .",1,0.225,positive
the sound range and loudness is pretty impressive for the price and size .,1,0.55,positive
all came well sharpened and ready to go .,1,0.2,positive
i wore my first one out by pouring hot gravies in it .,1,0.25,positive
"the film 's greatest asset is how much it 's not just another connect-the-dots , spy-on-the-run picture .",1,0.6,positive
it s not as bulky feel as the other cases available .,1,0.1375,positive
"it works with all types ,  but works best with roma tomatoes .",1,1.0,positive
"very easy to put on ,  no bubbles whatsoever .",1,0.5633,positive
"get it ,  it s worth the price for sure .",1,0.4,positive
the cookbook that comes with it is adequate .,1,0.3333,positive
offers that rare combination of entertainment and education .,1,0.2,positive
a psychological thriller with a smart script and an obsessive-compulsive 's attention to detail .,1,0.1071,positive
"it is ridiculous , of course ... but it is also refreshing , disarming , and just outright enjoyable despite its ridiculousness .",1,0.2222,positive
i paid $ for this when i bought a few other pieces .,1,-0.1625,positive
"the movie 's quiet affirmation of neighborhood values gives it an honest , lived-in glow .",1,0.3,positive
"i have several of these ,  well worth it .",1,0.15,positive
a gas cooktop would be worse and a smooth cooktop probably much better .,1,0.1667,positive
"for the first time in several years , mr. allen has surpassed himself with the magic he 's spun with the hollywood empress of ms. leoni 's ellie .",1,0.25,positive
"despite what anyone believes about the goal of its makers , the show ... represents a spectacular piece of theater , and there 's no denying the talent of the creative forces behind it .",1,0.2333,positive
also these attachment pieces are very easy to clean .,1,0.465,positive
what really surprises about wisegirls is its low-key quality and genuine tenderness .,1,0.3,positive
we use these alot and they work great .,1,0.8,positive
there 's a vastness implied in metropolis that is just breathtaking .,1,1.0,positive
i would definitely recommend this for a cute case .,1,0.25,positive
love it !  really handy to set by the stove .,1,0.6125,positive
but these knives are well worth their price .,1,0.3,positive
an intelligent fiction about learning through cultural clash .,1,0.45,positive
easy to apply and it works very well .,1,0.3167,positive
engagingly captures the maddening and magnetic ebb and flow of friendship .,1,0.4,positive
"this is what s affordable right now ,  so it has to do .",1,0.2857,positive
ranks among willams ' best screen work .,1,1.0,positive
blade release buttons are simple to use which makes cleaning easy .,1,0.2167,positive
"while undercover brother is definitely one for the masses , it 's also full of sharp , smart satire .",1,0.1098,positive
unless you have very small or very large hands it is comfortable to use .,1,0.1179,positive
these small cookie scoops made perfectly uniform two inch cookies .,1,0.375,positive
davis has filled out his cast with appealing fresh faces .,1,0.4,positive
a sports movie with action that 's exciting on the field and a story you care about off it .,1,0.2,positive
this little butter bell is a fantastic buy .,1,0.1063,positive
"a splendid entertainment , young in spirit but accomplished in all aspects with the fullness of spirit and sense of ease that comes only with experience .",1,0.2833,positive
we use a bread machine to prepare the dough and provide the first rise .,1,0.25,positive
anker is a fine product though i d never heard of it .,1,0.4167,positive
"almost every scene in this film is a gem that could stand alone , a perfectly realized observation of mood , behavior and intent .",1,1.0,positive
much better than block and tackle type hooks to store overhead .,1,0.5,positive
a psychologically rich and suspenseful moral thriller with a stellar performance by al pacino .,1,0.1562,positive
so shipping takes a while but it is definitely worth the price .,1,0.3,positive
"the principals in this cast are all fine , but bishop and stevenson are standouts .",1,0.4167,positive
i think this case is a very nice phone case .,1,0.78,positive
it charges my phone very quickly and to full % battery .,1,0.3917,positive
brilliant ! ',1,1.0,positive
a cockamamie tone poem pitched precipitously between swoony lyricism and violent catastrophe ... the most aggressively nerve-wracking and screamingly neurotic romantic comedy in cinema history .,1,-0.1,positive
the la prima ran about half a shot then choked the machine .,1,-0.1667,positive
stephen earnhart 's homespun documentary mule skinner blues has nothing but love for its posse of trailer park denizens .,1,0.25,positive
a romantic comedy that operates by the rules of its own self-contained universe .,1,0.3,positive
i dropped phone once and the case held up perfectly .,1,1.0,positive
"this romantic thriller is steeped in the atmosphere of wartime england , and ably captures the speech patterns , moral codes and ideals of the 1940s .",1,0.1667,positive
"all in all ,  though ,  happy with the product .",1,0.8,positive
wrapped around me easily to tuck in for getting ready at the gym .,1,0.3167,positive
"more honest about alzheimer 's disease , i think , than iris .",1,0.55,positive
put homemade pizza sauce on top then add pepperoni and fresh mushrooms .,1,0.4,positive
"for the first two-thirds of this sparklingly inventive and artful , always fast and furious tale , kids will go happily along for the ride .",1,0.4375,positive
"a compelling , moving film that respects its audience and its source material .",1,0.3,positive
"it 's the best film of the year so far , the benchmark against which all other best picture contenders should be measured .",1,0.4938,positive
it s very simple and takes up very little space on the pot rack .,1,-0.1219,positive
"de oliveira creates an emotionally rich , poetically plump and visually fulsome , but never showy , film whose bittersweet themes are reinforced and brilliantly personified by michel piccoli .",1,0.425,positive
farrell ... thankfully manages to outshine the role and successfully plays the foil to willis 's world-weary colonel .,1,0.75,positive
i had it a long time now and i still love it .,1,0.225,positive
i followed the instructions and threw away the first num_num batches of coffee .,1,0.25,positive
"a teasing drama whose relentless good-deed\/bad-deed reversals are just interesting enough to make a sinner like me pray for an even more interesting , less symmetrical , less obviously cross-shaped creation .",1,0.1667,positive
excellent acting and direction .,1,0.5,positive
a harmless and mildly amusing family comedy .,1,0.6,positive
purchased this to charge my new android tablet in the car on trips .,1,0.1364,positive
and it ll keep rice perfect and hot for up to num_num hours .,1,0.625,positive
-lrb- howard -rrb- so good as leon barlow ... that he hardly seems to be acting .,1,0.1361,positive
the tug of war that ensues is as much a snapshot of modern china in microcosm as it is a crash course in movie mythology .,1,0.2,positive
i finally made he purchase and am glad i did .,1,0.25,positive
the handle is comfortable and holds the pitchers securely in your hands .,1,0.4,positive
well worth the time .,1,0.3,positive
"it 's traditional moviemaking all the way , but it 's done with a lot of careful period attention as well as some very welcome wit .",1,0.3,positive
"hu and liu offer natural , matter-of-fact performances that glint with sorrow , longing and love .",1,0.3,positive
puts together very easily and does what it s said it would .,1,0.5633,positive
the movie has lots of dancing and fabulous music .,1,0.4,positive
i love my lodge omelet pan and use it almost every morning .,1,0.5,positive
the grill surface is easier to clean than our other grills .,1,0.1208,positive
this is one of polanski 's best films .,1,1.0,positive
"call me a wimp , but i cried , not once , but three times in this animated sweet film .",1,0.35,positive
"i have many oxo products ,  and i ve always been pleased .",1,0.5,positive
it s also a good size for a family of num_extend,1,0.7,positive
"director benoit jacquot , making his first opera-to-film translation with tosca , conveys the heaving passion of puccini 's famous love-jealousy - murder-suicide fandango with great cinematic innovation .",1,0.3875,positive
perfect fit for replacement in my num_num year old blender that still works .,1,0.5,positive
doesn t really reduce the fat anymore than most cooking methods .,1,0.35,positive
"very nice unit ,  easy to assemble and operate .",1,0.6067,positive
nolan bravely treads where few american films dare to delve -- into the world of ambivalence and ambiguity ...,1,0.2,positive
may be it will become soft with use and then it should be fine .,1,0.2583,positive
"tadpole is a sophisticated , funny and good-natured treat , slight but a pleasure .",1,0.1944,positive
i mainly use my blentec now but haven t sold the vitamix yet .,1,0.1667,positive
"longley has constructed a remarkably coherent , horrifically vivid snapshot of those turbulent days .",1,0.3125,positive
"nicolas philibert observes life inside a one-room schoolhouse in northern france in his documentary to be and to have , easily one of the best films of the year .",1,0.4778,positive
"zhang yimou delivers warm , genuine characters who lie not through dishonesty , but because they genuinely believe it 's the only way to bring happiness to their loved ones .",1,0.4667,positive
"a spunky , original take on a theme that will resonate with singles of many ages .",1,0.4375,positive
"it 's a decent glimpse into a time period , and an outcast , that is no longer accessible , but it does n't necessarily shed more light on its subject than the popular predecessor .",1,0.2679,positive
it works fine and the coffee is just as great !  .,1,0.7083,positive
i would recommend to anyone who wants a pda .,1,0.2,positive
but i like the phone to be up higher on the windshield . recommended .,1,0.25,positive
what kids will discover is a new collectible .,1,-0.1818,positive
moore 's performance impresses almost as much as her work with haynes in 1995 's safe .,1,0.35,positive
the film is often filled with a sense of pure wonderment and excitement not often seen in today 's cinema du sarcasm,1,0.3071,positive
"a miniscule little bleep on the film radar , but one that many more people should check out",1,0.2708,positive
an idealistic love story that brings out the latent 15-year-old romantic in everyone .,1,0.25,positive
"an intelligent , moving and invigorating film .",1,0.8,positive
the fact that the rookie is a nearly impeccable cinematic experience -- and a wonderful all-ages triumph besides -- is a miracle akin to the story the film portrays .,1,0.5833,positive
you do have to hold a bowl when catching the meat you re grinding .,1,0.6,positive
i liked this and was happy with my purchase .,1,0.7,positive
time changer may not be the most memorable cinema session but its profound self-evaluation message about our fragile existence and the absence of spiritual guidance should at least invade an abundance of mindsets,1,0.1101,positive
mediocre results until hitting upon a great cookbook .,1,0.15,positive
the otterbox defender series is by far the best available .,1,0.5,positive
for my purpose this is the perfect item .,1,1.0,positive
the movie is one of the best examples of artful large format filmmaking you are likely to see anytime soon .,1,0.4048,positive
"goyer 's screenplay and direction are thankfully understated , and he has drawn excellent performances from his cast .",1,1.0,positive
"great dutch oven ,  works well and fun to use on camping trips .",1,0.55,positive
i sprinkle a little flour on the rolls before stamping to prevent sticking .,1,-0.1875,positive
"if nothing else , this movie introduces a promising , unusual kind of psychological horror .",1,0.25,positive
"but if it is indeed a duty of art to reflect life , than leigh has created a masterful piece of artistry right here .",1,0.6429,positive
"cedar takes a very open-minded approach to this sensitive material , showing impressive control , both visually and in the writing .",1,0.405,positive
"this is a film well worth seeing , talking and singing heads and all .",1,0.3,positive
"director ferzan ozpetek creates an interesting dynamic with the members of this group , who live in the same apartment building .",1,0.1591,positive
"there are times when a rumor of angels plays like an extended episode of touched by an angel -- a little too much dancing , a few too many weeping scenes -- but i liked its heart and its spirit .",1,0.1825,positive
the measuring spoons would make a great stocking stuffer for any kitchen queen .,1,0.8,positive
would be five stars if it was out of slightly heavier material .,1,-0.1667,positive
"when your leading ladies are a couple of screen-eating dominatrixes like goldie hawn and susan sarandon at their raunchy best , even hokum goes down easily .",1,0.1944,positive
"not a cozy or ingratiating work , but it 's challenging , sometimes clever , and always interesting , and those are reasons enough to see it .",1,0.2533,positive
maguire is a surprisingly effective peter\/spider-man .,1,0.6,positive
an endearingly offbeat romantic comedy with a great meet-cute gimmick .,1,0.1,positive
"i complain all the time about seeing the same ideas repeated in films over and over again , but the bourne identity proves that a fresh take is always possible .",1,0.15,positive
it would have been perfect if it was a tad bit smaller .,1,0.5,positive
this one is available at a decent price with fair shipping here on amazon .,1,0.4222,positive
"the stunning , dreamlike visuals will impress even those viewers who have little patience for euro-film pretension .",1,0.1562,positive
"you have to break it in ,  in other words .",1,-0.125,positive
i have had this mount for about a year and it works great .,1,0.8,positive
"painful to watch , but viewers willing to take a chance will be rewarded with two of the year 's most accomplished and riveting film performances .",1,0.15,positive
he 's super spy !,1,0.4167,positive
gollum 's ` performance ' is incredible !,1,1.0,positive
i can t believe how strong this little guy is .,1,0.1229,positive
an eccentric little comic\/thriller deeply in love with its own quirky personality .,1,0.1825,positive
that rara avis : the intelligent romantic comedy with actual ideas on its mind .,1,0.2667,positive
"for example ,  the box says there s an led battery indicator light .",1,0.4,positive
the result is mesmerizing -- filled with menace and squalor .,1,0.35,positive
i made beef bolognese in the oven and it turned out wonderfully .,1,1.0,positive
invincible is a wonderful movie .,1,1.0,positive
"even when foreign directors ... borrow stuff from hollywood , they invariably shake up the formula and make it more interesting .",1,0.2917,positive
this is the best american movie about troubled teens since 1998 's whatever .,1,0.1667,positive
"while it would be easy to give crush the new title of two weddings and a funeral , it 's a far more thoughtful film than any slice of hugh grant whimsy .",1,0.3139,positive
pray 's film works well and will appeal even to those who are n't too familiar with turntablism .,1,0.375,positive
"a stunning piece of visual poetry that will , hopefully , be remembered as one of the most important stories to be told in australia 's film history .",1,0.35,positive
"greene delivers a typically solid performance in a role that is a bit of a departure from the noble characters he has played in the past , and he is matched by schweig , who carries the film on his broad , handsome shoulders .",1,0.1825,positive
i am so glad we chose this one .,1,0.5,positive
"compelling as it is exotic , fast runner has a plot that rivals shakespeare for intrigue , treachery and murder .",1,0.3333,positive
a fairly by-the-books blend of action and romance with sprinklings of intentional and unintentional comedy .,1,0.4,positive
"a smart , sweet and playful romantic comedy .",1,0.1881,positive
"as hugh grant says repeatedly throughout the movie , ` lovely !",1,0.625,positive
a yarn that respects the marvel version without becoming ensnared by it .,1,0.175,positive
"droll caper-comedy remake of `` big deal on madonna street '' that 's a sly , amusing , laugh-filled little gem in which the ultimate `` bellini '' begins to look like a `` real kaputschnik . ''",1,0.1225,positive
"great for about anything you want to shred ,  cut or mix .",1,0.8,positive
"the movie is full of fine performances , led by josef bierbichler as brecht and monica bleibtreu as helene weigel , his wife .",1,0.3833,positive
this cuts down on waste and you don t have to ingest harmful propellants .,1,-0.1778,positive
this will compete with any top of the line knife you can buy .,1,0.5,positive
a fascinating and fun film .,1,0.5,positive
"serry does a fine job of capturing the climate of the times and , perhaps unwittingly , relating it to what is happening in america in 2002 .",1,0.4167,positive
i have been missing out !  this thing is so sharp .,1,-0.1875,positive
easily moved to various locations depending on need .,1,0.2167,positive
"with the film 's striking ending , one realizes that we have a long way to go before we fully understand all the sexual permutations involved .",1,0.3167,positive
good ol' urban legend stuff .,1,0.35,positive
the reason this picture works better than its predecessors is that myers is no longer simply spoofing the mini-mod-madness of '60s spy movies .,1,0.25,positive
it s almost like putting the phone into a high end pair of socks .,1,0.16,positive
the whole thing gets hot when you use it .,1,0.225,positive
i would have given this five stars except for the only complaint i had .,1,-0.15,positive
exactly what i need for my phone and at the best price possible .,1,0.4167,positive
i purchased it from one of the first  infomercials  .,1,0.25,positive
a very funny movie .,1,0.325,positive
"lovingly choreographed bloodshed taking place in a pristine movie neverland , basically .",1,0.6,positive
"great case ,  easy to use and very durable .",1,0.4778,positive
loved the deffender case hated the apple phone .,1,-0.1,positive
more creative than num_extend dont think so !  but still a great product .,1,0.6417,positive
"day is not a great bond movie , but it is a good bond movie , which still makes it much better than your typical bond knock-offs .",1,0.1583,positive
kaufman creates an eerie sense of not only being there at the time of these events but the very night matthew was killed .,1,-0.125,positive
"earns its laughs from stock redneck ` types ' and from the many , many moments when we recognize even without the elizabethan prose , the play behind the thing .",1,0.2,positive
this is simply the most fun you 'll ever have with a documentary !,1,0.2,positive
mine fit perfectly on my linen closet door with no securing necessary .,1,0.4667,positive
-lrb- an -rrb- hilarious romantic comedy .,1,0.25,positive
"well worth the money ,  wouldn t want to be without it .",1,0.3,positive
comes with a  towel  to clean the phone before placement .,1,0.3667,positive
a tale of horror and revenge that is nearly perfect in its relentless descent to the depths of one man 's tortured soul .,1,1.0,positive
i use this as a little office supply shelf .,1,-0.1875,positive
the second chapter of the harry potter series is even more magical than the first and simply the best family film of the year .,1,0.375,positive
"hilarious , touching and wonderfully dyspeptic .",1,0.6667,positive
"however ,  this is an example of how rosle got it right .",1,0.2857,positive
"even if you ca n't pronounce `` gyro '' correctly , you 'll appreciate much of vardalos ' humor , which transcends ethnic boundaries .",1,0.2,positive
i use this with afresh to clean my cook top .,1,0.4333,positive
this cover does exactly what it is designed to do .,1,0.25,positive
fair price . x x x x x x x x xx x .,1,0.7,positive
i feel like i have a new phone .,1,0.1364,positive
i m a fan of symbian and find it easy to operate .,1,0.4333,positive
this is how you use special effects .,1,0.3571,positive
"it s still going great ,  i just needed more capacity .",1,0.65,positive
making seperation and cross contamination containment a very easy .,1,0.2817,positive
it keeps it the coffee hot and fresh for hours .,1,0.275,positive
not a bad journey at all .,1,0.35,positive
there 's no denying the physically spectacular qualities of the film ... or the emotional integrity of the performances .,1,0.3,positive
it s very easy to use and very dependable .,1,0.3817,positive
i have had no problem with either piece and highly recommend the products .,1,0.16,positive
make sure the pins line up with the contacts .,1,0.5,positive
"cantet perfectly captures the hotel lobbies , two-lane highways , and roadside cafes that permeate vincent 's days",1,1.0,positive
"novak manages to capture a cruelly hilarious vein of black comedy in the situation with his cast of non-actors and a gritty , no-budget approach .",1,0.1111,positive
"look , this is a terrific flick replete with dazzling camera-work , dancing and music .",1,0.375,positive
it 's one of the most honest films ever made about hollywood .,1,0.55,positive
tastes in between the classic american blonde ale and cowboy golden lager .,1,0.1167,positive
offers enough playful fun to entertain the preschool set while embracing a wholesome attitude .,1,0.1333,positive
worth the effort to watch .,1,0.3,positive
one great feature is that the spatula head is removable for east cleaning .,1,0.8,positive
a compelling journey ... and `` his best friend remembers '' is up there with the finest of specials .,1,0.65,positive
"windtalkers is shapelessly gratifying , the kind of movie that invites you to pick apart its faults even as you have to admit that somehow it hit you where you live .",1,0.1788,positive
"an absorbing , slice-of-depression life that touches nerves and rings true .",1,0.275,positive
"workmanlike , maybe , but still a film with all the elements that made the other three great , scary times at the movies .",1,0.1688,positive
it is great if you have more than one guest to serve .,1,0.65,positive
"hilarious , acidic brit comedy .",1,0.5,positive
it works great and i am very happy with it .,1,0.9,positive
very impressed than within a minute incorporated all ingredients to perfection .,1,1.0,positive
i love cooking and you need sharp knives when cooking .,1,0.1875,positive
quite funny for the type of movie it is ...,1,0.25,positive
good movie .,1,0.7,positive
and it s much much cheaper than getting it at the cusinart parts site .,1,0.2,positive
"is n't quite the equal of woo 's best earlier work , but it 's easily his finest american film ... comes close to recapturing the brilliance of his hong kong films .",1,0.2867,positive
it s a very good quality at a reasonalbe price .,1,0.91,positive
"for the most part , i spy was an amusing lark that will probably rank as one of murphy 's better performances in one of his lesser-praised movies .",1,0.2,positive
a refreshingly authentic coming-of-age tale .,1,0.5,positive
an unabashedly schmaltzy and thoroughly enjoyable true story .,1,0.425,positive
"love this mixer ,  wasn t near as loud as some were saying .",1,0.2333,positive
it makes it easy and neat to store and access all of your scarves .,1,0.4333,positive
the tiny green light on one side is very bright when fully charged .,1,0.2775,positive
denis and co-writer michele petin 's impeccable screenplay penetrates with a rawness that that is both unflinching and tantalizing .,1,0.75,positive
it should reconnect easily when you are in the num_extend,1,0.4333,positive
"renner 's performance as dahmer is unforgettable , deeply absorbing .",1,0.5,positive
"although very much like the first movie based on j.k. rowling 's phenomenal fantasy best sellers , this second go-round possesses a quite pleasing , headlong thrust and a likably delinquent attitude .",1,0.4183,positive
need a cheap car charger and it seems to do the job .,1,0.4,positive
fuller would surely have called this gutsy and at times exhilarating movie a great yarn .,1,0.475,positive
"s personal revelations regarding what the shop means in the big picture , iconic characters gambol fluidly through the story , with charming results .",1,0.24,positive
adds some bulk to phone but not a large amount .,1,-0.1071,positive
we love that it can go straight from the stove top to the oven .,1,0.4,positive
all but the most persnickety preteens should enjoy this nonthreatening but thrilling adventure .,1,0.3833,positive
"newton draws our attention like a magnet , and acts circles around her better known co-star , mark wahlberg .",1,0.5,positive
"roger michell , who did an appealing job directing persuasion and notting hill in england , gets too artsy in his american debut .",1,0.25,positive
"one of the most haunting , viciously honest coming-of-age films in recent memory .",1,0.3667,positive
"much of the way , though , this is a refreshingly novel ride .",1,0.35,positive
"a tender and touching drama , based on the true story of a troubled african-american 's quest to come to terms with his origins , reveals the yearning we all have in our hearts for acceptance within the family circle .",1,0.1167,positive
i have been extremely happy with my purchase .,1,0.8,positive
belt works fine and installed in just a few minutes .,1,0.1083,positive
"an absorbing trip into the minds and motivations of people under stress as well as a keen , unsentimental look at variations on the theme of motherhood .",1,0.2,positive
"the powers team has fashioned a comedy with more laughs than many , no question .",1,0.5,positive
a wildly funny prison caper .,1,0.25,positive
"a slick , well-oiled machine , exquisitely polished and upholstered .",1,0.375,positive
the voice from the earpiece says  connected  on successful completion .,1,0.75,positive
this is one of the best vacuums i ve ever come across .,1,1.0,positive
i used to use a good cooks brand safety opener and really liked it .,1,0.65,positive
the charger is working with my wireless bluetooth speaker just fine so far .,1,0.2583,positive
the film often achieves a mesmerizing poetry .,1,0.3,positive
"often hilarious , well-shot and , importantly , entertaining , hell house is a fascinating document of an event that has to be seen to be believed .",1,0.5667,positive
shipped free directly from realook and arrived within two days .,1,0.25,positive
"cho 's fearless in picking apart human foibles , not afraid to lay her life bare in front of an audience .",1,0.1167,positive
"fits perfectly ,  cutouts are plsced where they should be .",1,1.0,positive
"i ve been using this for months ,  and like it very much .",1,0.26,positive
"with grandchildren ,  this is the perfect combination of colorful and functional .",1,0.65,positive
these wine stoppers are very inexpensive and certainly do the job .,1,0.2071,positive
a feel-good picture in the best sense of the term .,1,1.0,positive
most pizza wheels that i ve seen are much smaller .,1,0.25,positive
bento spoon and the boker knife which is quite nice .,1,0.6,positive
"funny and , at times , poignant , the film from director george hickenlooper all takes place in pasadena , `` a city where people still read . ''",1,0.125,positive
it had a great cost and a great product .,1,0.8,positive
i like the new footage and still love the old stuff .,1,0.2455,positive
it turned out just fine to replace what i had lost .,1,0.4167,positive
wow im impressed with this device !  how useful it is .,1,0.4667,positive
"so young , so smart , such talent , such a wise \*\*\* .",1,0.2029,positive
it 's both a necessary political work and a fascinating documentary ...,1,0.175,positive
"there 's enough science to make it count as educational , and enough beauty to make it unforgettable .",1,0.2625,positive
bubba ho-tep is a wonderful film with a bravura lead performance by bruce campbell that does n't deserve to leave the building until everyone is aware of it .,1,0.625,positive
"it s good to go the next morning ,  completely clean .",1,0.3556,positive
"it dares to be a little different , and that shading is what makes it worthwhile .",1,0.1042,positive
it stay clean and does not collect food stains .,1,0.3667,positive
it comes at a good price and appears to be well made .,1,0.7,positive
this is the best cookware i ve ever owned .,1,1.0,positive
"majidi 's poetic love story is a ravishing consciousness-raiser , if a bit draggy at times .",1,0.4375,positive
very good price but this one harder to use than my cusinart .,1,0.405,positive
"a bold and subversive film that cuts across the grain of what is popular and powerful in this high-tech age , speaking its truths with spellbinding imagery and the entrancing music of philip glass .",1,0.4111,positive
i ve been happy with most oxo products i ve purchased .,1,0.65,positive
its actually a little better than the filter that came with the unit .,1,0.1562,positive
"as stated by the many reviews ,  this is an exceptinal carpet cleaner .",1,0.5,positive
"overall i love them ,  and would probably buy them again .",1,0.25,positive
a map of the inner rhythms of love and jealousy and sacrifice drawn with a master 's steady stroke .,1,0.2222,positive
"waydowntown is by no means a perfect film , but its boasts a huge charm factor and smacks of originality .",1,0.7,positive
"his characters are engaging , intimate and the dialogue is realistic and greatly moving .",1,0.3917,positive
not that anything sticks that much you just don t have to worry .,1,0.2,positive
"the pianist is a fine valedictory work for polanski , made richer by his own experiences , making his other movies somehow richer in the bargain .",1,0.2972,positive
bullock does a good job here of working against her natural likability .,1,0.4,positive
japan 's premier stylist of sex and blood hits audiences with what may be his most demented film to date .,1,0.5,positive
"a tough go , but leigh 's depth and rigor , and his skill at inspiring accomplished portrayals that are all the more impressive for their lack of showiness , offsets to a notable degree the film 's often-mined and despairing milieu .",1,0.3852,positive
"reinforces the often forgotten fact of the world 's remarkably varying human population and mindset , and its capacity to heal using creative , natural and ancient antidotes .",1,0.3375,positive
the zester was easy enough to clean after use .,1,0.2667,positive
"if you liked the 1982 film then , you 'll still like it now .",1,0.6,positive
"an elegant , exquisitely modulated psychological thriller .",1,0.5,positive
"in adobo , ethnicity is not just the spice , but at the heart of more universal concerns .",1,0.25,positive
nicely serves as an examination of a society in transition .,1,0.6,positive
"it 's a good film -- not a classic , but odd , entertaining and authentic .",1,0.29,positive
the sound is also very surprising for the price and is enough for me .,1,0.4367,positive
i use is for more than deep frying .,1,0.25,positive
choose your reaction : a. -rrb- that sure is funny !,1,0.4062,positive
"much to my dismay ,  the invisishield was nothing but garbage .",1,0.2,positive
"rain is a small treasure , enveloping the viewer in a literal and spiritual torpor that is anything but cathartic .",1,-0.125,positive
these come in handy with those tender special moments and celebrations .,1,0.4786,positive
fasy to keep clean and a real treasure .,1,0.2833,positive
just make sure that you don t misplace the spout stopper .,1,0.5,positive
love the way these roll instead of sliding on the rod .,1,0.5,positive
the film overcomes the regular minefield of coming-of-age cliches with potent doses of honesty and sensitivity .,1,0.25,positive
a clever blend of fact and fiction .,1,0.1667,positive
a candid and often fascinating documentary about a pentecostal church in dallas that assembles an elaborate haunted house each year to scare teenagers into attending services .,1,0.45,positive
only negative was delifery was num_num days late .,1,-0.2,positive
dolgin and franco fashion a fascinating portrait of a vietnamese-born youngster who eagerly and easily assimilated as an all-american girl with a brand new name in southern tennessee .,1,0.3174,positive
"well-written , nicely acted and beautifully shot and scored , the film works on several levels , openly questioning social mores while ensnaring the audience with its emotional pull .",1,0.2472,positive
"it 's not exactly a gourmet meal but the fare is fair , even coming from the drive-thru .",1,0.2875,positive
the best movie of its kind since ` brazil . ',1,0.8,positive
murderous maids may well be the most comprehensive of these films and also strike closest to the truth .,1,0.5,positive
"you 'll be left with the sensation of having just witnessed a great performance and , perhaps , give in to the urge to get on your feet and shake it .",1,0.4,positive
most new movies have a bright sheen .,1,0.4455,positive
i have not been able to stop using it .,1,0.5,positive
"foster nails the role , giving a tight , focused performance illuminated by shards of feeling .",1,-0.1786,positive
"this ecologically minded , wildlife friendly film teaches good ethics while entertaining with its unconventionally wacky but loving family",1,0.5125,positive
"occasionally funny , always very colorful and enjoyably overblown in the traditional almod??var style .",1,0.285,positive
"a somewhat crudely constructed but gripping , questing look at a person so racked with self-loathing , he becomes an enemy to his own race .",1,0.1333,positive
but this one does the job very nicely .,1,0.78,positive
"this is n't a narrative film -- i do n't know if it 's possible to make a narrative film about september 11th , though i 'm sure some will try -- but it 's as close as anyone has dared to come .",1,0.25,positive
the metal is very sturdy and the non stick finish is great .,1,0.5,positive
"trash cans are pretty unexciting ,  but this one is awfully nice .",1,0.425,positive
i really like how this counter protector curves over the edge of the counter .,1,0.2,positive
"but for now ,  i m quite happy with this .",1,0.8,positive
"if it seems like a minor miracle that its septuagenarian star is young enough to be the nonagenarian filmmaker 's son , more incredible still are the clear-eyed boldness and quiet irony with which actor and director take on life 's urgent questions .",1,0.2417,positive
"a deliciously mordant , bitter black comedy .",1,0.2444,positive
the cast is uniformly excellent and relaxed .,1,1.0,positive
a refreshing korean film about five female high school friends who face an uphill battle when they try to take their relationships into deeper waters .,1,0.22,positive
"in fessenden 's horror trilogy , this theme has proved important to him and is especially so in the finale .",1,0.2,positive
"divine secrets of the ya-ya sisterhood may not be exactly divine , but it 's definitely -- defiantly -- ya ya , what with all of those terrific songs and spirited performances .",1,0.1875,positive
this unit makes the best french fries i ve ever made .,1,0.5,positive
"maintenance cleaning is fast ,  neglected cleaning takes more time and repeated cleanings .",1,0.35,positive
i can t believe how beautiful and substantial this ice cream maker is .,1,0.85,positive
it 's solid and affecting and exactly as thought-provoking as it should be .,1,0.2,positive
"smith 's approach is never to tease , except gently and in that way that makes us consider our own eccentricities and how they are expressed through our homes .",1,0.4,positive
"in particular ,  the coating on this cookware has been cheapened .",1,0.1667,positive
"as a belated nod to some neglected all-stars , standing in the shadows of motown is cultural history of the best kind : informative , revealing and richly entertaining .",1,0.55,positive
and if the hours wins ` best picture ' i just might .,1,0.65,positive
a cop story that understands the medium amazingly well .,1,0.6,positive
"visits spy-movie territory like a novel you ca n't put down , examines a footnote to history seldom brought to light on the screen , and keeps you guessing from first frame to last .",1,0.1236,positive
an irresistible combination of a rousing good story set on a truly grand scale .,1,0.6,positive
no problems with this and worked with many devices .,1,0.5,positive
"while the isle is both preposterous and thoroughly misogynistic , its vistas are incredibly beautiful to look at .",1,0.85,positive
i bought this in num_num and the pan is still in great shape .,1,0.8,positive
"though the controversial korean filmmaker 's latest effort is not for all tastes , it offers gorgeous imagery , effective performances , and an increasingly unsettling sense of foreboding .",1,0.325,positive
"while surprisingly sincere , this average little story is adorned with some awesome action photography and surfing .",1,0.2525,positive
delicious over fruit and kashii go lean crunch cereal .,1,1.0,positive
an experience so engrossing it is like being buried in a new environment .,1,0.3682,positive
"an impressive debut for first-time writer-director mark romanek , especially considering his background is in music video .",1,0.5,positive
"otterboxes are a little bulky ,  but nothing protects better for the price .",1,0.1562,positive
what jackson has accomplished here is amazing on a technical level .,1,0.2667,positive
-lrb- but it 's -rrb- worth recommending because of two marvelous performances by michael caine and brendan fraser .,1,0.65,positive
"it 's the cinematic equivalent of a good page-turner , and even if it 's nonsense , its claws dig surprisingly deep .",1,0.2333,positive
"as bundy , michael reilly burke -lrb- octopus 2 : river of fear -rrb- has just the right amount of charisma and menace .",1,0.2857,positive
"for the size ,  weight and price it is really worth it .",1,0.3,positive
i bought it for a new iphone num_extend,1,0.1364,positive
has a shambling charm ... a cheerfully inconsequential diversion .,1,0.4,positive
it is so refreshing to see robin williams turn 180 degrees from the string of insultingly innocuous and sappy fiascoes he 's been making for the last several years .,1,-0.125,positive
i also love that this griddle doubles as an indoor grill .,1,0.5,positive
it pushed right through the job with no trouble .,1,0.1929,positive
"as shaky as the plot is , kaufman 's script is still memorable for some great one-liners .",1,0.3222,positive
"eventually , it wins you over .",1,0.3,positive
"grant gets to display his cadness to perfection , but also to show acting range that may surprise some who thought light-hearted comedy was his forte .",1,0.25,positive
an enchanting film that presents an audacious tour of the past and takes within its warm embrace the bounties of cultural artifacts inside st. petersburg 's hermitage museum .,1,0.15,positive
cleans up nice and cooks waffles in a reasonable amount of time .,1,0.4,positive
"one of the greatest family-oriented , fantasy-adventure movies ever .",1,1.0,positive
sits uneasily as a horror picture ... but finds surprising depth in its look at the binds of a small family .,1,0.225,positive
"a picture that extols the virtues of comradeship and community in a spunky , spirited fashion .",1,0.5,positive
i imagine it will make soups even better than the old one as well .,1,0.3,positive
"fill the pan half way with water ,  and put it to boil .",1,-0.1667,positive
it works as advertised so i m happy !   :   .,1,1.0,positive
"an incredibly low-rent danish film , it brings a group of people together in a sweet and charming way , if a little convenient",1,0.4406,positive
it holds the charge like when my phone was brand new .,1,0.1364,positive
the glass cuisinart lids would pour water everywhere in a wet mess .,1,-0.1375,positive
i do seem to need to invest in some better popcorn .,1,0.5,positive
"blocking the red hot coils from my cookie sheets ,  and glassware .",1,0.125,positive
... breathes surprising new life into the familiar by amalgamating genres and adding true human complexity to its not-so-stock characters . ',1,0.3123,positive
may be spoofing an easy target -- those old ' 50 's giant creature features -- but ... it acknowledges and celebrates their cheesiness as the reason why people get a kick out of watching them today .,1,0.1778,positive
the perfect film for those who like sick comedies that can be snide .,1,0.1429,positive
"it 's rather like a lifetime special -- pleasant , sweet and forgettable .",1,0.2351,positive
this is carion 's debut feature but his script and direction hums with a confidence that many spend entire careers trying to reach .,1,0.25,positive
"if you love motown music , you 'll love this documentary .",1,0.3333,positive
those outside show business will enjoy a close look at people they do n't really want to know .,1,0.2,positive
i can t remember when i first bought this timer .,1,0.25,positive
genuinely touching because it 's realistic about all kinds of love .,1,0.3889,positive
"an amusing , breezily apolitical documentary about life on the campaign trail .",1,0.3,positive
hands down the year 's most thought-provoking film .,1,0.2481,positive
fast; better than a blender and is easy to use .,1,0.3778,positive
a charming romantic comedy that is by far the lightest dogme film and among the most enjoyable .,1,0.36,positive
i loved it !,1,0.875,positive
"but watching huppert , a great actress tearing into a landmark role , is riveting .",1,0.65,positive
"an intelligent , earnest , intimate film that drops the ball only when it pauses for blunt exposition to make sure you 're getting its metaphysical point .",1,0.375,positive
i like it better than any of the forman items .,1,0.5,positive
this offers really good protection for the phone .,1,0.4,positive
m??nch 's genuine insight makes the film 's occasional overindulgence forgivable .,1,0.2,positive
the new guy does have a heart .,1,0.1364,positive
a must have if you have one of the older foodsavers .,1,0.1667,positive
an enjoyably half-wit remake of the venerable italian comedy big deal on madonna street .,1,0.1667,positive
"greengrass has delivered an undoubted stylistic tour-de-force , and has managed elements such as sound and cinematography with skill",1,0.2,positive
it stores in a really small place and is built to last .,1,-0.125,positive
"it is easy to clean ,  but honestly i rarely clean it .",1,0.3889,positive
"cute , funny , heartwarming digitally animated feature film with plenty of slapstick humor for the kids , lots of in-jokes for the adults and heart enough for everyone .",1,0.1875,positive
"-lrb- schweiger is -rrb- talented and terribly charismatic , qualities essential to both movie stars and social anarchists .",1,0.3083,positive
very sturdy with a good selection of teeth sizes .,1,0.45,positive
the instructions came over the motorola num_extend and were very clear .,1,0.13,positive
"biggie and tupac is so single-mindedly daring , it puts far more polished documentaries to shame .",1,0.3,positive
"thoughtful , provocative and entertaining .",1,0.45,positive
"also ,  don t use that yellow cloth to clean your phone .",1,0.1833,positive
much monkeyfun for all .,1,0.2,positive
"everything you loved about it in 1982 is still there , for everybody who wants to be a kid again , or show it to their own kids .",1,0.5,positive
"all the performances are top notch and , once you get through the accents , all or nothing becomes an emotional , though still positive , wrench of a sit .",1,0.2424,positive
digital-video documentary about stand-up comedians is a great glimpse into a very different world .,1,0.2667,positive
it 's a glorious groove that leaves you wanting more .,1,0.5,positive
i don t know how i ever managed without this handy devise .,1,0.6,positive
this casserole dish is the perfect size and i love having a nice lid .,1,0.7,positive
"not for everyone , but for those with whom it will connect , it 's a nice departure from standard moviegoing fare .",1,0.3,positive
nothing bad to say about this wonderful innovation at all .,1,0.15,positive
an imaginative comedy\/thriller .,1,0.6,positive
on the other hand for power grating you ve got something here .,1,-0.125,positive